Sort	Reads number	Ratio	Left variation type	Right variation type	Left variation	Right variation	Left reads seq	Right reads seq
A01
1	11077	100.00%	WT	WT	-	-	AATTCTTTTGGACTGAACCATGGCGATATTGTGCTATGTTCTTTGCAGCAAAAGATCGTGATCAAGGTGCACATGTCGAGCGACAAGTGCCGGAGGA	AATTCTTTTGGACTGAACCATGGCGATATTGTGCTATGTTCTTTGCAGCAAAAGATCGTGATCAAGGTGCACATGTCGAGCGACAAGTGCCGGAGGA
A02
1	5285	100.00%	WT	WT	-	-	AATTCTTTTGGACTGAACCATGGCGATATTGTGCTATGTTCTTTGCAGCAAAAGATCGTGATCAAGGTGCACATGTCGAGCGACAAGTGCCGGAGGA	AATTCTTTTGGACTGAACCATGGCGATATTGTGCTATGTTCTTTGCAGCAAAAGATCGTGATCAAGGTGCACATGTCGAGCGACAAGTGCCGGAGGA
A03
1	12527	100.00%	WT	WT	-	-	AATTCTTTTGGACTGAACCATGGCGATATTGTGCTATGTTCTTTGCAGCAAAAGATCGTGATCAAGGTGCACATGTCGAGCGACAAGTGCCGGAGGA	AATTCTTTTGGACTGAACCATGGCGATATTGTGCTATGTTCTTTGCAGCAAAAGATCGTGATCAAGGTGCACATGTCGAGCGACAAGTGCCGGAGGA
A04
1	13174	100.00%	WT	WT	-	-	AATTCTTTTGGACTGAACCATGGCGATATTGTGCTATGTTCTTTGCAGCAAAAGATCGTGATCAAGGTGCACATGTCGAGCGACAAGTGCCGGAGGA	AATTCTTTTGGACTGAACCATGGCGATATTGTGCTATGTTCTTTGCAGCAAAAGATCGTGATCAAGGTGCACATGTCGAGCGACAAGTGCCGGAGGA
A05
1	11531	100.00%	WT	WT	-	-	AATTCTTTTGGACTGAACCATGGCGATATTGTGCTATGTTCTTTGCAGCAAAAGATCGTGATCAAGGTGCACATGTCGAGCGACAAGTGCCGGAGGA	AATTCTTTTGGACTGAACCATGGCGATATTGTGCTATGTTCTTTGCAGCAAAAGATCGTGATCAAGGTGCACATGTCGAGCGACAAGTGCCGGAGGA
A06
1	14363	100.00%	WT	WT	-	-	AATTCTTTTGGACTGAACCATGGCGATATTGTGCTATGTTCTTTGCAGCAAAAGATCGTGATCAAGGTGCACATGTCGAGCGACAAGTGCCGGAGGA	AATTCTTTTGGACTGAACCATGGCGATATTGTGCTATGTTCTTTGCAGCAAAAGATCGTGATCAAGGTGCACATGTCGAGCGACAAGTGCCGGAGGA
A07
1	21255	100.00%	WT	WT	-	-	AATTCTTTTGGACTGAACCATGGCGATATTGTGCTATGTTCTTTGCAGCAAAAGATCGTGATCAAGGTGCACATGTCGAGCGACAAGTGCCGGAGGA	AATTCTTTTGGACTGAACCATGGCGATATTGTGCTATGTTCTTTGCAGCAAAAGATCGTGATCAAGGTGCACATGTCGAGCGACAAGTGCCGGAGGA
A08
1	16651	100.00%	WT	WT	-	-	AATTCTTTTGGACTGAACCATGGCGATATTGTGCTATGTTCTTTGCAGCAAAAGATCGTGATCAAGGTGCACATGTCGAGCGACAAGTGCCGGAGGA	AATTCTTTTGGACTGAACCATGGCGATATTGTGCTATGTTCTTTGCAGCAAAAGATCGTGATCAAGGTGCACATGTCGAGCGACAAGTGCCGGAGGA
A09
1	22084	100.00%	WT	WT	-	-	AATTCTTTTGGACTGAACCATGGCGATATTGTGCTATGTTCTTTGCAGCAAAAGATCGTGATCAAGGTGCACATGTCGAGCGACAAGTGCCGGAGGA	AATTCTTTTGGACTGAACCATGGCGATATTGTGCTATGTTCTTTGCAGCAAAAGATCGTGATCAAGGTGCACATGTCGAGCGACAAGTGCCGGAGGA
A10
1	20767	100.00%	WT	WT	-	-	AATTCTTTTGGACTGAACCATGGCGATATTGTGCTATGTTCTTTGCAGCAAAAGATCGTGATCAAGGTGCACATGTCGAGCGACAAGTGCCGGAGGA	AATTCTTTTGGACTGAACCATGGCGATATTGTGCTATGTTCTTTGCAGCAAAAGATCGTGATCAAGGTGCACATGTCGAGCGACAAGTGCCGGAGGA
A11
1	17661	100.00%	WT	WT	-	-	AATTCTTTTGGACTGAACCATGGCGATATTGTGCTATGTTCTTTGCAGCAAAAGATCGTGATCAAGGTGCACATGTCGAGCGACAAGTGCCGGAGGA	AATTCTTTTGGACTGAACCATGGCGATATTGTGCTATGTTCTTTGCAGCAAAAGATCGTGATCAAGGTGCACATGTCGAGCGACAAGTGCCGGAGGA
A12
1	22357	100.00%	WT	WT	-	-	AATTCTTTTGGACTGAACCATGGCGATATTGTGCTATGTTCTTTGCAGCAAAAGATCGTGATCAAGGTGCACATGTCGAGCGACAAGTGCCGGAGGA	AATTCTTTTGGACTGAACCATGGCGATATTGTGCTATGTTCTTTGCAGCAAAAGATCGTGATCAAGGTGCACATGTCGAGCGACAAGTGCCGGAGGA
B01
1	21157	100.00%	WT	WT	-	-	AATTCTTTTGGACTGAACCATGGCGATATTGTGCTATGTTCTTTGCAGCAAAAGATCGTGATCAAGGTGCACATGTCGAGCGACAAGTGCCGGAGGA	AATTCTTTTGGACTGAACCATGGCGATATTGTGCTATGTTCTTTGCAGCAAAAGATCGTGATCAAGGTGCACATGTCGAGCGACAAGTGCCGGAGGA
B02
1	22353	100.00%	WT	WT	-	-	AATTCTTTTGGACTGAACCATGGCGATATTGTGCTATGTTCTTTGCAGCAAAAGATCGTGATCAAGGTGCACATGTCGAGCGACAAGTGCCGGAGGA	AATTCTTTTGGACTGAACCATGGCGATATTGTGCTATGTTCTTTGCAGCAAAAGATCGTGATCAAGGTGCACATGTCGAGCGACAAGTGCCGGAGGA
B03
1	24555	100.00%	WT	WT	-	-	AATTCTTTTGGACTGAACCATGGCGATATTGTGCTATGTTCTTTGCAGCAAAAGATCGTGATCAAGGTGCACATGTCGAGCGACAAGTGCCGGAGGA	AATTCTTTTGGACTGAACCATGGCGATATTGTGCTATGTTCTTTGCAGCAAAAGATCGTGATCAAGGTGCACATGTCGAGCGACAAGTGCCGGAGGA
B04
1	22245	100.00%	WT	WT	-	-	AATTCTTTTGGACTGAACCATGGCGATATTGTGCTATGTTCTTTGCAGCAAAAGATCGTGATCAAGGTGCACATGTCGAGCGACAAGTGCCGGAGGA	AATTCTTTTGGACTGAACCATGGCGATATTGTGCTATGTTCTTTGCAGCAAAAGATCGTGATCAAGGTGCACATGTCGAGCGACAAGTGCCGGAGGA
B05
1	18902	100.00%	WT	WT	-	-	AATTCTTTTGGACTGAACCATGGCGATATTGTGCTATGTTCTTTGCAGCAAAAGATCGTGATCAAGGTGCACATGTCGAGCGACAAGTGCCGGAGGA	AATTCTTTTGGACTGAACCATGGCGATATTGTGCTATGTTCTTTGCAGCAAAAGATCGTGATCAAGGTGCACATGTCGAGCGACAAGTGCCGGAGGA
B06
1	20620	100.00%	WT	WT	-	-	AATTCTTTTGGACTGAACCATGGCGATATTGTGCTATGTTCTTTGCAGCAAAAGATCGTGATCAAGGTGCACATGTCGAGCGACAAGTGCCGGAGGA	AATTCTTTTGGACTGAACCATGGCGATATTGTGCTATGTTCTTTGCAGCAAAAGATCGTGATCAAGGTGCACATGTCGAGCGACAAGTGCCGGAGGA
B07
1	20848	100.00%	WT	WT	-	-	AATTCTTTTGGACTGAACCATGGCGATATTGTGCTATGTTCTTTGCAGCAAAAGATCGTGATCAAGGTGCACATGTCGAGCGACAAGTGCCGGAGGA	AATTCTTTTGGACTGAACCATGGCGATATTGTGCTATGTTCTTTGCAGCAAAAGATCGTGATCAAGGTGCACATGTCGAGCGACAAGTGCCGGAGGA
B08
1	9661	100.00%	WT	WT	-	-	AATTCTTTTGGACTGAACCATGGCGATATTGTGCTATGTTCTTTGCAGCAAAAGATCGTGATCAAGGTGCACATGTCGAGCGACAAGTGCCGGAGGA	AATTCTTTTGGACTGAACCATGGCGATATTGTGCTATGTTCTTTGCAGCAAAAGATCGTGATCAAGGTGCACATGTCGAGCGACAAGTGCCGGAGGA
B09
1	21512	100.00%	WT	WT	-	-	AATTCTTTTGGACTGAACCATGGCGATATTGTGCTATGTTCTTTGCAGCAAAAGATCGTGATCAAGGTGCACATGTCGAGCGACAAGTGCCGGAGGA	AATTCTTTTGGACTGAACCATGGCGATATTGTGCTATGTTCTTTGCAGCAAAAGATCGTGATCAAGGTGCACATGTCGAGCGACAAGTGCCGGAGGA
B10
1	21551	100.00%	WT	WT	-	-	AATTCTTTTGGACTGAACCATGGCGATATTGTGCTATGTTCTTTGCAGCAAAAGATCGTGATCAAGGTGCACATGTCGAGCGACAAGTGCCGGAGGA	AATTCTTTTGGACTGAACCATGGCGATATTGTGCTATGTTCTTTGCAGCAAAAGATCGTGATCAAGGTGCACATGTCGAGCGACAAGTGCCGGAGGA
B11
1	19311	100.00%	WT	WT	-	-	AATTCTTTTGGACTGAACCATGGCGATATTGTGCTATGTTCTTTGCAGCAAAAGATCGTGATCAAGGTGCACATGTCGAGCGACAAGTGCCGGAGGA	AATTCTTTTGGACTGAACCATGGCGATATTGTGCTATGTTCTTTGCAGCAAAAGATCGTGATCAAGGTGCACATGTCGAGCGACAAGTGCCGGAGGA
B12
1	23919	100.00%	WT	WT	-	-	AATTCTTTTGGACTGAACCATGGCGATATTGTGCTATGTTCTTTGCAGCAAAAGATCGTGATCAAGGTGCACATGTCGAGCGACAAGTGCCGGAGGA	AATTCTTTTGGACTGAACCATGGCGATATTGTGCTATGTTCTTTGCAGCAAAAGATCGTGATCAAGGTGCACATGTCGAGCGACAAGTGCCGGAGGA
C01
1	7095	70.90%	WT	WT	-	-	AATTCTTTTGGACTGAACCATGGCGATATTGTGCTATGTTCTTTGCAGCAAAAGATCGTGATCAAGGTGCACATGTCGAGCGACAAGTGCCGGAGGA	AATTCTTTTGGACTGAACCATGGCGATATTGTGCTATGTTCTTTGCAGCAAAAGATCGTGATCAAGGTGCACATGTCGAGCGACAAGTGCCGGAGGA
2	2912	29.10%	2D	2D	GA	GA	AATTCTTTTGGACTGAACCATGGCGATATTGTGCTATGTTCTTTGCAGCAAAAGATCGTTCAAGGTGCACATGTCGAGCGACAAGTGCCGGAGGA	AATTCTTTTGGACTGAACCATGGCGATATTGTGCTATGTTCTTTGCAGCAAAAGATCGTTCAAGGTGCACATGTCGAGCGACAAGTGCCGGAGGA
C02
1	24115	100.00%	WT	WT	-	-	AATTCTTTTGGACTGAACCATGGCGATATTGTGCTATGTTCTTTGCAGCAAAAGATCGTGATCAAGGTGCACATGTCGAGCGACAAGTGCCGGAGGA	AATTCTTTTGGACTGAACCATGGCGATATTGTGCTATGTTCTTTGCAGCAAAAGATCGTGATCAAGGTGCACATGTCGAGCGACAAGTGCCGGAGGA
C03
1	25487	100.00%	WT	WT	-	-	AATTCTTTTGGACTGAACCATGGCGATATTGTGCTATGTTCTTTGCAGCAAAAGATCGTGATCAAGGTGCACATGTCGAGCGACAAGTGCCGGAGGA	AATTCTTTTGGACTGAACCATGGCGATATTGTGCTATGTTCTTTGCAGCAAAAGATCGTGATCAAGGTGCACATGTCGAGCGACAAGTGCCGGAGGA
C04
1	23232	100.00%	WT	WT	-	-	AATTCTTTTGGACTGAACCATGGCGATATTGTGCTATGTTCTTTGCAGCAAAAGATCGTGATCAAGGTGCACATGTCGAGCGACAAGTGCCGGAGGA	AATTCTTTTGGACTGAACCATGGCGATATTGTGCTATGTTCTTTGCAGCAAAAGATCGTGATCAAGGTGCACATGTCGAGCGACAAGTGCCGGAGGA
C05
1	22031	100.00%	WT	WT	-	-	AATTCTTTTGGACTGAACCATGGCGATATTGTGCTATGTTCTTTGCAGCAAAAGATCGTGATCAAGGTGCACATGTCGAGCGACAAGTGCCGGAGGA	AATTCTTTTGGACTGAACCATGGCGATATTGTGCTATGTTCTTTGCAGCAAAAGATCGTGATCAAGGTGCACATGTCGAGCGACAAGTGCCGGAGGA
C06
1	23014	100.00%	WT	WT	-	-	AATTCTTTTGGACTGAACCATGGCGATATTGTGCTATGTTCTTTGCAGCAAAAGATCGTGATCAAGGTGCACATGTCGAGCGACAAGTGCCGGAGGA	AATTCTTTTGGACTGAACCATGGCGATATTGTGCTATGTTCTTTGCAGCAAAAGATCGTGATCAAGGTGCACATGTCGAGCGACAAGTGCCGGAGGA
C07
1	23022	100.00%	WT	WT	-	-	AATTCTTTTGGACTGAACCATGGCGATATTGTGCTATGTTCTTTGCAGCAAAAGATCGTGATCAAGGTGCACATGTCGAGCGACAAGTGCCGGAGGA	AATTCTTTTGGACTGAACCATGGCGATATTGTGCTATGTTCTTTGCAGCAAAAGATCGTGATCAAGGTGCACATGTCGAGCGACAAGTGCCGGAGGA
C08
1	22747	100.00%	WT	WT	-	-	AATTCTTTTGGACTGAACCATGGCGATATTGTGCTATGTTCTTTGCAGCAAAAGATCGTGATCAAGGTGCACATGTCGAGCGACAAGTGCCGGAGGA	AATTCTTTTGGACTGAACCATGGCGATATTGTGCTATGTTCTTTGCAGCAAAAGATCGTGATCAAGGTGCACATGTCGAGCGACAAGTGCCGGAGGA
C09
1	23048	100.00%	WT	WT	-	-	AATTCTTTTGGACTGAACCATGGCGATATTGTGCTATGTTCTTTGCAGCAAAAGATCGTGATCAAGGTGCACATGTCGAGCGACAAGTGCCGGAGGA	AATTCTTTTGGACTGAACCATGGCGATATTGTGCTATGTTCTTTGCAGCAAAAGATCGTGATCAAGGTGCACATGTCGAGCGACAAGTGCCGGAGGA
C10
1	20633	100.00%	WT	WT	-	-	AATTCTTTTGGACTGAACCATGGCGATATTGTGCTATGTTCTTTGCAGCAAAAGATCGTGATCAAGGTGCACATGTCGAGCGACAAGTGCCGGAGGA	AATTCTTTTGGACTGAACCATGGCGATATTGTGCTATGTTCTTTGCAGCAAAAGATCGTGATCAAGGTGCACATGTCGAGCGACAAGTGCCGGAGGA
C11
1	19293	100.00%	WT	WT	-	-	AATTCTTTTGGACTGAACCATGGCGATATTGTGCTATGTTCTTTGCAGCAAAAGATCGTGATCAAGGTGCACATGTCGAGCGACAAGTGCCGGAGGA	AATTCTTTTGGACTGAACCATGGCGATATTGTGCTATGTTCTTTGCAGCAAAAGATCGTGATCAAGGTGCACATGTCGAGCGACAAGTGCCGGAGGA
C12
1	20924	100.00%	WT	WT	-	-	AATTCTTTTGGACTGAACCATGGCGATATTGTGCTATGTTCTTTGCAGCAAAAGATCGTGATCAAGGTGCACATGTCGAGCGACAAGTGCCGGAGGA	AATTCTTTTGGACTGAACCATGGCGATATTGTGCTATGTTCTTTGCAGCAAAAGATCGTGATCAAGGTGCACATGTCGAGCGACAAGTGCCGGAGGA
D01
1	20358	100.00%	WT	WT	-	-	AATTCTTTTGGACTGAACCATGGCGATATTGTGCTATGTTCTTTGCAGCAAAAGATCGTGATCAAGGTGCACATGTCGAGCGACAAGTGCCGGAGGA	AATTCTTTTGGACTGAACCATGGCGATATTGTGCTATGTTCTTTGCAGCAAAAGATCGTGATCAAGGTGCACATGTCGAGCGACAAGTGCCGGAGGA
D02
1	20833	100.00%	WT	WT	-	-	AATTCTTTTGGACTGAACCATGGCGATATTGTGCTATGTTCTTTGCAGCAAAAGATCGTGATCAAGGTGCACATGTCGAGCGACAAGTGCCGGAGGA	AATTCTTTTGGACTGAACCATGGCGATATTGTGCTATGTTCTTTGCAGCAAAAGATCGTGATCAAGGTGCACATGTCGAGCGACAAGTGCCGGAGGA
D03
1	25684	100.00%	WT	WT	-	-	AATTCTTTTGGACTGAACCATGGCGATATTGTGCTATGTTCTTTGCAGCAAAAGATCGTGATCAAGGTGCACATGTCGAGCGACAAGTGCCGGAGGA	AATTCTTTTGGACTGAACCATGGCGATATTGTGCTATGTTCTTTGCAGCAAAAGATCGTGATCAAGGTGCACATGTCGAGCGACAAGTGCCGGAGGA
D04
1	22261	100.00%	WT	WT	-	-	AATTCTTTTGGACTGAACCATGGCGATATTGTGCTATGTTCTTTGCAGCAAAAGATCGTGATCAAGGTGCACATGTCGAGCGACAAGTGCCGGAGGA	AATTCTTTTGGACTGAACCATGGCGATATTGTGCTATGTTCTTTGCAGCAAAAGATCGTGATCAAGGTGCACATGTCGAGCGACAAGTGCCGGAGGA
D05
1	21660	100.00%	WT	WT	-	-	AATTCTTTTGGACTGAACCATGGCGATATTGTGCTATGTTCTTTGCAGCAAAAGATCGTGATCAAGGTGCACATGTCGAGCGACAAGTGCCGGAGGA	AATTCTTTTGGACTGAACCATGGCGATATTGTGCTATGTTCTTTGCAGCAAAAGATCGTGATCAAGGTGCACATGTCGAGCGACAAGTGCCGGAGGA
D06
1	23627	100.00%	WT	WT	-	-	AATTCTTTTGGACTGAACCATGGCGATATTGTGCTATGTTCTTTGCAGCAAAAGATCGTGATCAAGGTGCACATGTCGAGCGACAAGTGCCGGAGGA	AATTCTTTTGGACTGAACCATGGCGATATTGTGCTATGTTCTTTGCAGCAAAAGATCGTGATCAAGGTGCACATGTCGAGCGACAAGTGCCGGAGGA
D07
1	23993	100.00%	WT	WT	-	-	AATTCTTTTGGACTGAACCATGGCGATATTGTGCTATGTTCTTTGCAGCAAAAGATCGTGATCAAGGTGCACATGTCGAGCGACAAGTGCCGGAGGA	AATTCTTTTGGACTGAACCATGGCGATATTGTGCTATGTTCTTTGCAGCAAAAGATCGTGATCAAGGTGCACATGTCGAGCGACAAGTGCCGGAGGA
D08
1	23437	100.00%	WT	WT	-	-	AATTCTTTTGGACTGAACCATGGCGATATTGTGCTATGTTCTTTGCAGCAAAAGATCGTGATCAAGGTGCACATGTCGAGCGACAAGTGCCGGAGGA	AATTCTTTTGGACTGAACCATGGCGATATTGTGCTATGTTCTTTGCAGCAAAAGATCGTGATCAAGGTGCACATGTCGAGCGACAAGTGCCGGAGGA
D09
1	24476	100.00%	WT	WT	-	-	AATTCTTTTGGACTGAACCATGGCGATATTGTGCTATGTTCTTTGCAGCAAAAGATCGTGATCAAGGTGCACATGTCGAGCGACAAGTGCCGGAGGA	AATTCTTTTGGACTGAACCATGGCGATATTGTGCTATGTTCTTTGCAGCAAAAGATCGTGATCAAGGTGCACATGTCGAGCGACAAGTGCCGGAGGA
D10
1	24636	100.00%	WT	WT	-	-	AATTCTTTTGGACTGAACCATGGCGATATTGTGCTATGTTCTTTGCAGCAAAAGATCGTGATCAAGGTGCACATGTCGAGCGACAAGTGCCGGAGGA	AATTCTTTTGGACTGAACCATGGCGATATTGTGCTATGTTCTTTGCAGCAAAAGATCGTGATCAAGGTGCACATGTCGAGCGACAAGTGCCGGAGGA
D11
1	22288	100.00%	WT	WT	-	-	AATTCTTTTGGACTGAACCATGGCGATATTGTGCTATGTTCTTTGCAGCAAAAGATCGTGATCAAGGTGCACATGTCGAGCGACAAGTGCCGGAGGA	AATTCTTTTGGACTGAACCATGGCGATATTGTGCTATGTTCTTTGCAGCAAAAGATCGTGATCAAGGTGCACATGTCGAGCGACAAGTGCCGGAGGA
D12
1	23893	100.00%	WT	WT	-	-	AATTCTTTTGGACTGAACCATGGCGATATTGTGCTATGTTCTTTGCAGCAAAAGATCGTGATCAAGGTGCACATGTCGAGCGACAAGTGCCGGAGGA	AATTCTTTTGGACTGAACCATGGCGATATTGTGCTATGTTCTTTGCAGCAAAAGATCGTGATCAAGGTGCACATGTCGAGCGACAAGTGCCGGAGGA
E01
1	22653	100.00%	WT	WT	-	-	AATTCTTTTGGACTGAACCATGGCGATATTGTGCTATGTTCTTTGCAGCAAAAGATCGTGATCAAGGTGCACATGTCGAGCGACAAGTGCCGGAGGA	AATTCTTTTGGACTGAACCATGGCGATATTGTGCTATGTTCTTTGCAGCAAAAGATCGTGATCAAGGTGCACATGTCGAGCGACAAGTGCCGGAGGA
E02
1	22052	100.00%	WT	WT	-	-	AATTCTTTTGGACTGAACCATGGCGATATTGTGCTATGTTCTTTGCAGCAAAAGATCGTGATCAAGGTGCACATGTCGAGCGACAAGTGCCGGAGGA	AATTCTTTTGGACTGAACCATGGCGATATTGTGCTATGTTCTTTGCAGCAAAAGATCGTGATCAAGGTGCACATGTCGAGCGACAAGTGCCGGAGGA
E03
1	21752	100.00%	WT	WT	-	-	AATTCTTTTGGACTGAACCATGGCGATATTGTGCTATGTTCTTTGCAGCAAAAGATCGTGATCAAGGTGCACATGTCGAGCGACAAGTGCCGGAGGA	AATTCTTTTGGACTGAACCATGGCGATATTGTGCTATGTTCTTTGCAGCAAAAGATCGTGATCAAGGTGCACATGTCGAGCGACAAGTGCCGGAGGA
E04
1	24434	100.00%	WT	WT	-	-	AATTCTTTTGGACTGAACCATGGCGATATTGTGCTATGTTCTTTGCAGCAAAAGATCGTGATCAAGGTGCACATGTCGAGCGACAAGTGCCGGAGGA	AATTCTTTTGGACTGAACCATGGCGATATTGTGCTATGTTCTTTGCAGCAAAAGATCGTGATCAAGGTGCACATGTCGAGCGACAAGTGCCGGAGGA
E05
1	15601	100.00%	WT	WT	-	-	AATTCTTTTGGACTGAACCATGGCGATATTGTGCTATGTTCTTTGCAGCAAAAGATCGTGATCAAGGTGCACATGTCGAGCGACAAGTGCCGGAGGA	AATTCTTTTGGACTGAACCATGGCGATATTGTGCTATGTTCTTTGCAGCAAAAGATCGTGATCAAGGTGCACATGTCGAGCGACAAGTGCCGGAGGA
E06
1	22987	100.00%	WT	WT	-	-	AATTCTTTTGGACTGAACCATGGCGATATTGTGCTATGTTCTTTGCAGCAAAAGATCGTGATCAAGGTGCACATGTCGAGCGACAAGTGCCGGAGGA	AATTCTTTTGGACTGAACCATGGCGATATTGTGCTATGTTCTTTGCAGCAAAAGATCGTGATCAAGGTGCACATGTCGAGCGACAAGTGCCGGAGGA
E07
1	7255	100.00%	WT	WT	-	-	AATTCTTTTGGACTGAACCATGGCGATATTGTGCTATGTTCTTTGCAGCAAAAGATCGTGATCAAGGTGCACATGTCGAGCGACAAGTGCCGGAGGA	AATTCTTTTGGACTGAACCATGGCGATATTGTGCTATGTTCTTTGCAGCAAAAGATCGTGATCAAGGTGCACATGTCGAGCGACAAGTGCCGGAGGA
E08
1	2211	100.00%	WT	WT	-	-	AATTCTTTTGGACTGAACCATGGCGATATTGTGCTATGTTCTTTGCAGCAAAAGATCGTGATCAAGGTGCACATGTCGAGCGACAAGTGCCGGAGGA	AATTCTTTTGGACTGAACCATGGCGATATTGTGCTATGTTCTTTGCAGCAAAAGATCGTGATCAAGGTGCACATGTCGAGCGACAAGTGCCGGAGGA
E09
1	19640	100.00%	WT	WT	-	-	AATTCTTTTGGACTGAACCATGGCGATATTGTGCTATGTTCTTTGCAGCAAAAGATCGTGATCAAGGTGCACATGTCGAGCGACAAGTGCCGGAGGA	AATTCTTTTGGACTGAACCATGGCGATATTGTGCTATGTTCTTTGCAGCAAAAGATCGTGATCAAGGTGCACATGTCGAGCGACAAGTGCCGGAGGA
E10
1	3698	100.00%	WT	WT	-	-	AATTCTTTTGGACTGAACCATGGCGATATTGTGCTATGTTCTTTGCAGCAAAAGATCGTGATCAAGGTGCACATGTCGAGCGACAAGTGCCGGAGGA	AATTCTTTTGGACTGAACCATGGCGATATTGTGCTATGTTCTTTGCAGCAAAAGATCGTGATCAAGGTGCACATGTCGAGCGACAAGTGCCGGAGGA
E11
1	2141	100.00%	WT	WT	-	-	AATTCTTTTGGACTGAACCATGGCGATATTGTGCTATGTTCTTTGCAGCAAAAGATCGTGATCAAGGTGCACATGTCGAGCGACAAGTGCCGGAGGA	AATTCTTTTGGACTGAACCATGGCGATATTGTGCTATGTTCTTTGCAGCAAAAGATCGTGATCAAGGTGCACATGTCGAGCGACAAGTGCCGGAGGA
E12
1	2287	100.00%	WT	WT	-	-	AATTCTTTTGGACTGAACCATGGCGATATTGTGCTATGTTCTTTGCAGCAAAAGATCGTGATCAAGGTGCACATGTCGAGCGACAAGTGCCGGAGGA	AATTCTTTTGGACTGAACCATGGCGATATTGTGCTATGTTCTTTGCAGCAAAAGATCGTGATCAAGGTGCACATGTCGAGCGACAAGTGCCGGAGGA
F01
1	23223	100.00%	WT	WT	-	-	AATTCTTTTGGACTGAACCATGGCGATATTGTGCTATGTTCTTTGCAGCAAAAGATCGTGATCAAGGTGCACATGTCGAGCGACAAGTGCCGGAGGA	AATTCTTTTGGACTGAACCATGGCGATATTGTGCTATGTTCTTTGCAGCAAAAGATCGTGATCAAGGTGCACATGTCGAGCGACAAGTGCCGGAGGA
F02
1	22304	100.00%	WT	WT	-	-	AATTCTTTTGGACTGAACCATGGCGATATTGTGCTATGTTCTTTGCAGCAAAAGATCGTGATCAAGGTGCACATGTCGAGCGACAAGTGCCGGAGGA	AATTCTTTTGGACTGAACCATGGCGATATTGTGCTATGTTCTTTGCAGCAAAAGATCGTGATCAAGGTGCACATGTCGAGCGACAAGTGCCGGAGGA
F03
1	25071	100.00%	WT	WT	-	-	AATTCTTTTGGACTGAACCATGGCGATATTGTGCTATGTTCTTTGCAGCAAAAGATCGTGATCAAGGTGCACATGTCGAGCGACAAGTGCCGGAGGA	AATTCTTTTGGACTGAACCATGGCGATATTGTGCTATGTTCTTTGCAGCAAAAGATCGTGATCAAGGTGCACATGTCGAGCGACAAGTGCCGGAGGA
F04
1	24406	100.00%	WT	WT	-	-	AATTCTTTTGGACTGAACCATGGCGATATTGTGCTATGTTCTTTGCAGCAAAAGATCGTGATCAAGGTGCACATGTCGAGCGACAAGTGCCGGAGGA	AATTCTTTTGGACTGAACCATGGCGATATTGTGCTATGTTCTTTGCAGCAAAAGATCGTGATCAAGGTGCACATGTCGAGCGACAAGTGCCGGAGGA
F05
1	22793	100.00%	WT	WT	-	-	AATTCTTTTGGACTGAACCATGGCGATATTGTGCTATGTTCTTTGCAGCAAAAGATCGTGATCAAGGTGCACATGTCGAGCGACAAGTGCCGGAGGA	AATTCTTTTGGACTGAACCATGGCGATATTGTGCTATGTTCTTTGCAGCAAAAGATCGTGATCAAGGTGCACATGTCGAGCGACAAGTGCCGGAGGA
F06
1	21765	100.00%	WT	WT	-	-	AATTCTTTTGGACTGAACCATGGCGATATTGTGCTATGTTCTTTGCAGCAAAAGATCGTGATCAAGGTGCACATGTCGAGCGACAAGTGCCGGAGGA	AATTCTTTTGGACTGAACCATGGCGATATTGTGCTATGTTCTTTGCAGCAAAAGATCGTGATCAAGGTGCACATGTCGAGCGACAAGTGCCGGAGGA
F07
1	23265	100.00%	WT	WT	-	-	AATTCTTTTGGACTGAACCATGGCGATATTGTGCTATGTTCTTTGCAGCAAAAGATCGTGATCAAGGTGCACATGTCGAGCGACAAGTGCCGGAGGA	AATTCTTTTGGACTGAACCATGGCGATATTGTGCTATGTTCTTTGCAGCAAAAGATCGTGATCAAGGTGCACATGTCGAGCGACAAGTGCCGGAGGA
F08
1	19483	100.00%	WT	WT	-	-	AATTCTTTTGGACTGAACCATGGCGATATTGTGCTATGTTCTTTGCAGCAAAAGATCGTGATCAAGGTGCACATGTCGAGCGACAAGTGCCGGAGGA	AATTCTTTTGGACTGAACCATGGCGATATTGTGCTATGTTCTTTGCAGCAAAAGATCGTGATCAAGGTGCACATGTCGAGCGACAAGTGCCGGAGGA
F09
1	23128	100.00%	WT	WT	-	-	AATTCTTTTGGACTGAACCATGGCGATATTGTGCTATGTTCTTTGCAGCAAAAGATCGTGATCAAGGTGCACATGTCGAGCGACAAGTGCCGGAGGA	AATTCTTTTGGACTGAACCATGGCGATATTGTGCTATGTTCTTTGCAGCAAAAGATCGTGATCAAGGTGCACATGTCGAGCGACAAGTGCCGGAGGA
F10
1	22360	100.00%	WT	WT	-	-	AATTCTTTTGGACTGAACCATGGCGATATTGTGCTATGTTCTTTGCAGCAAAAGATCGTGATCAAGGTGCACATGTCGAGCGACAAGTGCCGGAGGA	AATTCTTTTGGACTGAACCATGGCGATATTGTGCTATGTTCTTTGCAGCAAAAGATCGTGATCAAGGTGCACATGTCGAGCGACAAGTGCCGGAGGA
F11
1	19225	100.00%	WT	WT	-	-	AATTCTTTTGGACTGAACCATGGCGATATTGTGCTATGTTCTTTGCAGCAAAAGATCGTGATCAAGGTGCACATGTCGAGCGACAAGTGCCGGAGGA	AATTCTTTTGGACTGAACCATGGCGATATTGTGCTATGTTCTTTGCAGCAAAAGATCGTGATCAAGGTGCACATGTCGAGCGACAAGTGCCGGAGGA
F12
1	23074	100.00%	WT	WT	-	-	AATTCTTTTGGACTGAACCATGGCGATATTGTGCTATGTTCTTTGCAGCAAAAGATCGTGATCAAGGTGCACATGTCGAGCGACAAGTGCCGGAGGA	AATTCTTTTGGACTGAACCATGGCGATATTGTGCTATGTTCTTTGCAGCAAAAGATCGTGATCAAGGTGCACATGTCGAGCGACAAGTGCCGGAGGA
G01
1	22080	100.00%	WT	WT	-	-	AATTCTTTTGGACTGAACCATGGCGATATTGTGCTATGTTCTTTGCAGCAAAAGATCGTGATCAAGGTGCACATGTCGAGCGACAAGTGCCGGAGGA	AATTCTTTTGGACTGAACCATGGCGATATTGTGCTATGTTCTTTGCAGCAAAAGATCGTGATCAAGGTGCACATGTCGAGCGACAAGTGCCGGAGGA
G02
1	23389	100.00%	WT	WT	-	-	AATTCTTTTGGACTGAACCATGGCGATATTGTGCTATGTTCTTTGCAGCAAAAGATCGTGATCAAGGTGCACATGTCGAGCGACAAGTGCCGGAGGA	AATTCTTTTGGACTGAACCATGGCGATATTGTGCTATGTTCTTTGCAGCAAAAGATCGTGATCAAGGTGCACATGTCGAGCGACAAGTGCCGGAGGA
G03
1	36074	100.00%	WT	WT	-	-	AATTCTTTTGGACTGAACCATGGCGATATTGTGCTATGTTCTTTGCAGCAAAAGATCGTGATCAAGGTGCACATGTCGAGCGACAAGTGCCGGAGGA	AATTCTTTTGGACTGAACCATGGCGATATTGTGCTATGTTCTTTGCAGCAAAAGATCGTGATCAAGGTGCACATGTCGAGCGACAAGTGCCGGAGGA
G04
1	22055	100.00%	WT	WT	-	-	AATTCTTTTGGACTGAACCATGGCGATATTGTGCTATGTTCTTTGCAGCAAAAGATCGTGATCAAGGTGCACATGTCGAGCGACAAGTGCCGGAGGA	AATTCTTTTGGACTGAACCATGGCGATATTGTGCTATGTTCTTTGCAGCAAAAGATCGTGATCAAGGTGCACATGTCGAGCGACAAGTGCCGGAGGA
G05
1	22104	100.00%	WT	WT	-	-	AATTCTTTTGGACTGAACCATGGCGATATTGTGCTATGTTCTTTGCAGCAAAAGATCGTGATCAAGGTGCACATGTCGAGCGACAAGTGCCGGAGGA	AATTCTTTTGGACTGAACCATGGCGATATTGTGCTATGTTCTTTGCAGCAAAAGATCGTGATCAAGGTGCACATGTCGAGCGACAAGTGCCGGAGGA
G06
1	21816	100.00%	WT	WT	-	-	AATTCTTTTGGACTGAACCATGGCGATATTGTGCTATGTTCTTTGCAGCAAAAGATCGTGATCAAGGTGCACATGTCGAGCGACAAGTGCCGGAGGA	AATTCTTTTGGACTGAACCATGGCGATATTGTGCTATGTTCTTTGCAGCAAAAGATCGTGATCAAGGTGCACATGTCGAGCGACAAGTGCCGGAGGA
G07
1	23086	100.00%	WT	WT	-	-	AATTCTTTTGGACTGAACCATGGCGATATTGTGCTATGTTCTTTGCAGCAAAAGATCGTGATCAAGGTGCACATGTCGAGCGACAAGTGCCGGAGGA	AATTCTTTTGGACTGAACCATGGCGATATTGTGCTATGTTCTTTGCAGCAAAAGATCGTGATCAAGGTGCACATGTCGAGCGACAAGTGCCGGAGGA
G08
1	22739	100.00%	WT	WT	-	-	AATTCTTTTGGACTGAACCATGGCGATATTGTGCTATGTTCTTTGCAGCAAAAGATCGTGATCAAGGTGCACATGTCGAGCGACAAGTGCCGGAGGA	AATTCTTTTGGACTGAACCATGGCGATATTGTGCTATGTTCTTTGCAGCAAAAGATCGTGATCAAGGTGCACATGTCGAGCGACAAGTGCCGGAGGA
G09
1	25649	100.00%	WT	WT	-	-	AATTCTTTTGGACTGAACCATGGCGATATTGTGCTATGTTCTTTGCAGCAAAAGATCGTGATCAAGGTGCACATGTCGAGCGACAAGTGCCGGAGGA	AATTCTTTTGGACTGAACCATGGCGATATTGTGCTATGTTCTTTGCAGCAAAAGATCGTGATCAAGGTGCACATGTCGAGCGACAAGTGCCGGAGGA
G10
1	22859	100.00%	WT	WT	-	-	AATTCTTTTGGACTGAACCATGGCGATATTGTGCTATGTTCTTTGCAGCAAAAGATCGTGATCAAGGTGCACATGTCGAGCGACAAGTGCCGGAGGA	AATTCTTTTGGACTGAACCATGGCGATATTGTGCTATGTTCTTTGCAGCAAAAGATCGTGATCAAGGTGCACATGTCGAGCGACAAGTGCCGGAGGA
G11
1	19745	100.00%	WT	WT	-	-	AATTCTTTTGGACTGAACCATGGCGATATTGTGCTATGTTCTTTGCAGCAAAAGATCGTGATCAAGGTGCACATGTCGAGCGACAAGTGCCGGAGGA	AATTCTTTTGGACTGAACCATGGCGATATTGTGCTATGTTCTTTGCAGCAAAAGATCGTGATCAAGGTGCACATGTCGAGCGACAAGTGCCGGAGGA
G12
1	16646	100.00%	WT	WT	-	-	AATTCTTTTGGACTGAACCATGGCGATATTGTGCTATGTTCTTTGCAGCAAAAGATCGTGATCAAGGTGCACATGTCGAGCGACAAGTGCCGGAGGA	AATTCTTTTGGACTGAACCATGGCGATATTGTGCTATGTTCTTTGCAGCAAAAGATCGTGATCAAGGTGCACATGTCGAGCGACAAGTGCCGGAGGA
H01
1	21304	100.00%	WT	WT	-	-	AATTCTTTTGGACTGAACCATGGCGATATTGTGCTATGTTCTTTGCAGCAAAAGATCGTGATCAAGGTGCACATGTCGAGCGACAAGTGCCGGAGGA	AATTCTTTTGGACTGAACCATGGCGATATTGTGCTATGTTCTTTGCAGCAAAAGATCGTGATCAAGGTGCACATGTCGAGCGACAAGTGCCGGAGGA
H02
1	22937	100.00%	WT	WT	-	-	AATTCTTTTGGACTGAACCATGGCGATATTGTGCTATGTTCTTTGCAGCAAAAGATCGTGATCAAGGTGCACATGTCGAGCGACAAGTGCCGGAGGA	AATTCTTTTGGACTGAACCATGGCGATATTGTGCTATGTTCTTTGCAGCAAAAGATCGTGATCAAGGTGCACATGTCGAGCGACAAGTGCCGGAGGA
H03
1	45107	100.00%	WT	WT	-	-	AATTCTTTTGGACTGAACCATGGCGATATTGTGCTATGTTCTTTGCAGCAAAAGATCGTGATCAAGGTGCACATGTCGAGCGACAAGTGCCGGAGGA	AATTCTTTTGGACTGAACCATGGCGATATTGTGCTATGTTCTTTGCAGCAAAAGATCGTGATCAAGGTGCACATGTCGAGCGACAAGTGCCGGAGGA
H04
1	23244	100.00%	WT	WT	-	-	AATTCTTTTGGACTGAACCATGGCGATATTGTGCTATGTTCTTTGCAGCAAAAGATCGTGATCAAGGTGCACATGTCGAGCGACAAGTGCCGGAGGA	AATTCTTTTGGACTGAACCATGGCGATATTGTGCTATGTTCTTTGCAGCAAAAGATCGTGATCAAGGTGCACATGTCGAGCGACAAGTGCCGGAGGA
H05
1	22790	100.00%	WT	WT	-	-	AATTCTTTTGGACTGAACCATGGCGATATTGTGCTATGTTCTTTGCAGCAAAAGATCGTGATCAAGGTGCACATGTCGAGCGACAAGTGCCGGAGGA	AATTCTTTTGGACTGAACCATGGCGATATTGTGCTATGTTCTTTGCAGCAAAAGATCGTGATCAAGGTGCACATGTCGAGCGACAAGTGCCGGAGGA
H06
1	21404	100.00%	WT	WT	-	-	AATTCTTTTGGACTGAACCATGGCGATATTGTGCTATGTTCTTTGCAGCAAAAGATCGTGATCAAGGTGCACATGTCGAGCGACAAGTGCCGGAGGA	AATTCTTTTGGACTGAACCATGGCGATATTGTGCTATGTTCTTTGCAGCAAAAGATCGTGATCAAGGTGCACATGTCGAGCGACAAGTGCCGGAGGA
H07
1	21694	100.00%	WT	WT	-	-	AATTCTTTTGGACTGAACCATGGCGATATTGTGCTATGTTCTTTGCAGCAAAAGATCGTGATCAAGGTGCACATGTCGAGCGACAAGTGCCGGAGGA	AATTCTTTTGGACTGAACCATGGCGATATTGTGCTATGTTCTTTGCAGCAAAAGATCGTGATCAAGGTGCACATGTCGAGCGACAAGTGCCGGAGGA
H08
1	20759	100.00%	WT	WT	-	-	AATTCTTTTGGACTGAACCATGGCGATATTGTGCTATGTTCTTTGCAGCAAAAGATCGTGATCAAGGTGCACATGTCGAGCGACAAGTGCCGGAGGA	AATTCTTTTGGACTGAACCATGGCGATATTGTGCTATGTTCTTTGCAGCAAAAGATCGTGATCAAGGTGCACATGTCGAGCGACAAGTGCCGGAGGA
H09
1	14055	100.00%	WT	WT	-	-	AATTCTTTTGGACTGAACCATGGCGATATTGTGCTATGTTCTTTGCAGCAAAAGATCGTGATCAAGGTGCACATGTCGAGCGACAAGTGCCGGAGGA	AATTCTTTTGGACTGAACCATGGCGATATTGTGCTATGTTCTTTGCAGCAAAAGATCGTGATCAAGGTGCACATGTCGAGCGACAAGTGCCGGAGGA
H10
1	22513	100.00%	WT	WT	-	-	AATTCTTTTGGACTGAACCATGGCGATATTGTGCTATGTTCTTTGCAGCAAAAGATCGTGATCAAGGTGCACATGTCGAGCGACAAGTGCCGGAGGA	AATTCTTTTGGACTGAACCATGGCGATATTGTGCTATGTTCTTTGCAGCAAAAGATCGTGATCAAGGTGCACATGTCGAGCGACAAGTGCCGGAGGA
H11
1	20536	100.00%	WT	WT	-	-	AATTCTTTTGGACTGAACCATGGCGATATTGTGCTATGTTCTTTGCAGCAAAAGATCGTGATCAAGGTGCACATGTCGAGCGACAAGTGCCGGAGGA	AATTCTTTTGGACTGAACCATGGCGATATTGTGCTATGTTCTTTGCAGCAAAAGATCGTGATCAAGGTGCACATGTCGAGCGACAAGTGCCGGAGGA
H12
1	23989	100.00%	WT	WT	-	-	AATTCTTTTGGACTGAACCATGGCGATATTGTGCTATGTTCTTTGCAGCAAAAGATCGTGATCAAGGTGCACATGTCGAGCGACAAGTGCCGGAGGA	AATTCTTTTGGACTGAACCATGGCGATATTGTGCTATGTTCTTTGCAGCAAAAGATCGTGATCAAGGTGCACATGTCGAGCGACAAGTGCCGGAGGA
